NOP (INH)	0x01	2
TAP (INH)	0x06	2
TPA (INH)	0x07	2
INX (INH)	0x08	4
DEX (INH)	0x09	4
CLV (INH)	0x0A	2
SEV (INH)	0x0B	2
CLC (INH)	0x0C	2
SEC (INH)	0x0D	2
CLI (INH)	0x0E	2
SEI (INH)	0x0F	2
SBA (INH)	0x10	2
CBA (INH)	0x11	2
TAB (INH)	0x16	2
TBA (INH)	0x17	2
DAA (INH)	0x19	2
ABA (INH)	0x1B	2
BRA (REL)	0x20	4
BHI (REL)	0x22	4
BLS (REL)	0x23	4
BCC (REL)	0x24	4
BCS (REL)	0x25	4
BNE (REL)	0x26	4
BEQ (REL)	0x27	4
BVC (REL)	0x28	4
BVS (REL)	0x29	4
BPL (REL)	0x2A	4
BMI (REL)	0x2B	4
BGE (REL)	0x2C	4
BLT (REL)	0x2D	4
BGT (REL)	0x2E	4
BLE (REL)	0x2F	4
TSX (INH)	0x30	4
INS (INH)	0x31	4
PULA (INH)	0x32	4
PULB (INH)	0x33	4
DES (INH)	0x34	4
TXS (INH)	0x35	4
PSHA (INH)	0x36	4
PSHB (INH)	0x37	4
RTS (INH)	0x39	5
RTI (INH)	0x3B	10
WAI (INH)	0x3E	9
SWI (INH)	0x3F	12
NEGA (INH)	0x40	2
COMA (INH)	0x43	2
LSRA (INH)	0x44	2
RORA (INH)	0x46	2
ASRA (INH)	0x47	2
ASLA (INH)	0x48	2
ROLA (INH)	0x49	2
DECA (INH)	0x4A	2
INCA (INH)	0x4C	2
TSTA (INH)	0x4D	2
CLRA (INH)	0x4F	2
NEGB (INH)	0x50	2
COMB (INH)	0x53	2
LSRB (INH)	0x54	2
RORB (INH)	0x56	2
ASRB (INH)	0x57	2
ASLB (INH)	0x58	2
ROLB (INH)	0x59	2
DECB (INH)	0x5A	2
INCB (INH)	0x5C	2
TSTB (INH)	0x5D	2
CLRB (INH)	0x5F	2
NEG (IND)	0x60	7
COM (IND)	0x63	7
LSR (IND)	0x64	7
ROR (IND)	0x66	7
ASR (IND)	0x67	7
ASL (IND)	0x68	7
ROL (IND)	0x69	7
DEC (IND)	0x6A	7
INC (IND)	0x6C	7
TST (IND)	0x6D	7
JMP (IND)	0x6E	4
CLR (IND)	0x6F	7
NEG (EXT)	0x70	6
COM (EXT)	0x73	6
LSR (EXT)	0x74	6
ROR (EXT)	0x76	6
ASR (EXT)	0x77	6
ASL (EXT)	0x78	6
ROL (EXT)	0x79	6
DEC (EXT)	0x7A	6
INC (EXT)	0x7C	6
TST (EXT)	0x7D	6
JMP (EXT)	0x7E	3
CLR (EXT)	0x7F	6
SUBA (IMM)	0x80	2
CMPA (IMM)	0x81	2
SBCA (IMM)	0x82	2
ANDA (IMM)	0x84	2
BITA (IMM)	0x85	2
LDAA (IMM)	0x86	2
EORA (IMM)	0x88	2
ADCA (IMM)	0x89	2
ORAA (IMM)	0x8A	2
ADDA (IMM)	0x8B	2
CPX (IMM)	0x8C	3
BSR (REL)	0x8D	8
LDS (IMM)	0x8E	3
SUBA (DIR)	0x90	3
CMPA (DIR)	0x91	3
SBCA (DIR)	0x92	3
ANDA (DIR)	0x94	3
BITA (DIR)	0x95	3
LDAA (DIR)	0x96	3
STAA (DIR)	0x97	4
EORA (DIR)	0x98	3
ADCA (DIR)	0x99	3
ORAA (DIR)	0x9A	3
ADDA (DIR)	0x9B	3
CPX (DIR)	0x9C	4
LDS (DIR)	0x9E	4
STS (DIR)	0x9F	4
SUBA (IND)	0xA0	5
CMPA (IND)	0xA1	5
SBCA (IND)	0xA2	5
ANDA (IND)	0xA4	5
BITA (IND)	0xA5	5
LDAA (IND)	0xA6	5
STAA (IND)	0xA7	6
EORA (IND)	0xA8	5
ADCA (IND)	0xA9	5
ORAA (IND)	0xAA	5
ADDA (IND)	0xAB	5
CPX (IND)	0xAC	6
JSR (IND)	0xAD	8
LDS (IND)	0xAE	6
STS (IND)	0xAF	6
SUBA (EXT)	0xB0	4
CMPA (EXT)	0xB1	4
SBCA (EXT)	0xB2	4
ANDA (EXT)	0xB4	4
BITA (EXT)	0xB5	4
LDAA (EXT)	0xB6	4
STAA (EXT)	0xB7	5
EORA (EXT)	0xB8	4
ADCA (EXT)	0xB9	4
ORAA (EXT)	0xBA	4
ADDA (EXT)	0xBB	4
CPX (EXT)	0xBC	5
JSR (EXT)	0xBD	9
LDS (EXT)	0xBE	5
STS (EXT)	0xBF	5
SUBB (IMM)	0xC0	2
CMPB (IMM)	0xC1	2
SBCB (IMM)	0xC2	2
ANDB (IMM)	0xC4	2
BITB (IMM)	0xC5	2
LDAB (IMM)	0xC6	2
EORB (IMM)	0xC8	2
ADCB (IMM)	0xC9	2
ORAB (IMM)	0xCA	2
ADDB (IMM)	0xCB	2
LDX (IMM)	0xCE	3
SUBB (DIR)	0xD0	3
CMPB (DIR)	0xD1	3
SBCB (DIR)	0xD2	3
ANDB (DIR)	0xD4	3
BITB (DIR)	0xD5	3
LDAB (DIR)	0xD6	3
STAB (DIR)	0xD7	4
EORB (DIR)	0xD8	3
ADCB (DIR)	0xD9	3
ORAB (DIR)	0xDA	3
ADDB (DIR)	0xDB	3
LDX (DIR)	0xDE	4
STX (DIR)	0xDF	5
SUBB (IND)	0xE0	5
CMPB (IND)	0xE1	5
SBCB (IND)	0xE2	4
ANDB (IND)	0xE4	5
BITB (IND)	0xE5	5
LDAB (IND)	0xE6	5
STAB (IND)	0xE7	6
EORB (IND)	0xE8	5
ADCB (IND)	0xE9	5
ORAB (IND)	0xEA	5
ADDB (IND)	0xEB	5
LDX (IND)	0xEE	6
STX (IND)	0xEF	6
SUBB (EXT)	0xF0	4
CMPB (EXT)	0xF1	4
SBCB (EXT)	0xF2	4
ANDB (EXT)	0xF4	4
BITB (EXT)	0xF5	4
LDAB (EXT)	0xF6	4
STAB (EXT)	0xF7	5
EORB (EXT)	0xF8	4
ADCB (EXT)	0xF9	4
ORAB (EXT)	0xFA	4
ADDB (EXT)	0xFB	4
LDX (EXT)	0xFE	5
STX (EXT)	0xFF	5